{
    "loss": 0.02247764728963375,
    "accuracy": 0.9901960492134094
}