{
    "loss": 4.86826229095459,
    "accuracy": 0.686274528503418
}